{"cameraMode":{"drawMode":0,"name":"Shaded","section":"Shading Mode"},"sceneLighting":false,"audioPlay":false,"sceneViewState":{"showFog":true,"showMaterialUpdate":false,"showSkybox":true,"showFlares":true,"showImageEffects":true,"showParticleSystems":true},"in2DMode":false,"pivot":{"x":-11.101222038269043,"y":29.70885467529297,"z":-0.04975736141204834},"rotation":{"x":-0.13373109698295594,"y":0.6844233870506287,"z":-0.12985488772392274,"w":-0.7048534750938416},"size":11.376294136047364,"orthographic":true}