{"cameraMode":{"drawMode":0,"name":"Shaded","section":"Shading Mode"},"sceneLighting":false,"audioPlay":false,"sceneViewState":{"showFog":true,"showMaterialUpdate":false,"showSkybox":true,"showFlares":true,"showImageEffects":true,"showParticleSystems":true},"in2DMode":false,"pivot":{"x":-5.151000022888184,"y":1.4454634189605713,"z":2.8550291061401369},"rotation":{"x":0.1088811457157135,"y":-0.3868734836578369,"z":0.04606032744050026,"w":0.9145230054855347},"size":1.6174030303955079,"orthographic":true}