{"cameraMode":{"drawMode":0,"name":"Shaded","section":"Shading Mode"},"sceneLighting":false,"audioPlay":false,"sceneViewState":{"showFog":true,"showMaterialUpdate":false,"showSkybox":true,"showFlares":true,"showImageEffects":true,"showParticleSystems":true},"in2DMode":false,"pivot":{"x":1.9246811866760255,"y":-1.1325273513793946,"z":1.8739585876464844},"rotation":{"x":-0.28646379709243777,"y":0.1444454938173294,"z":-0.04373437911272049,"w":-0.9461296796798706},"size":27.259552001953126,"orthographic":false}