{"cameraMode":{"drawMode":0,"name":"Shaded","section":"Shading Mode"},"sceneLighting":true,"audioPlay":false,"sceneViewState":{"showFog":true,"showMaterialUpdate":false,"showSkybox":true,"showFlares":true,"showImageEffects":true,"showParticleSystems":true},"in2DMode":false,"pivot":{"x":3.878000259399414,"y":5.138999938964844,"z":-7.384239673614502},"rotation":{"x":0.08283792436122894,"y":-0.5943986177444458,"z":0.06174090504646301,"w":0.7975063323974609},"size":3.706423759460449,"orthographic":false}