{"cameraMode":{"drawMode":0,"name":"Shaded","section":"Shading Mode"},"sceneLighting":false,"audioPlay":false,"sceneViewState":{"showFog":true,"showMaterialUpdate":false,"showSkybox":true,"showFlares":true,"showImageEffects":true,"showParticleSystems":true},"in2DMode":false,"pivot":{"x":23.779296875,"y":14.789999961853028,"z":0.959716796875},"rotation":{"x":0.07598808407783508,"y":-0.7143725752830505,"z":0.0785379707813263,"w":0.6911797523498535},"size":9.447989463806153,"orthographic":true}