{"cameraMode":{"drawMode":0,"name":"Shaded","section":"Shading Mode"},"sceneLighting":false,"audioPlay":false,"sceneViewState":{"showFog":true,"showMaterialUpdate":false,"showSkybox":true,"showFlares":true,"showImageEffects":true,"showParticleSystems":true},"in2DMode":false,"pivot":{"x":-13.609999656677246,"y":1.1183371543884278,"z":-0.7226352691650391},"rotation":{"x":-0.10629688203334809,"y":0.005965972784906626,"z":-0.0006377893150784075,"w":-0.9943163990974426},"size":1.4289418458938599,"orthographic":false}