{"cameraMode":{"drawMode":0,"name":"Shaded","section":"Shading Mode"},"sceneLighting":false,"audioPlay":false,"sceneViewState":{"showFog":true,"showMaterialUpdate":false,"showSkybox":true,"showFlares":true,"showImageEffects":true,"showParticleSystems":true},"in2DMode":false,"pivot":{"x":0.22116774320602418,"y":4.161962032318115,"z":-0.06507396697998047},"rotation":{"x":-0.10629688203334809,"y":0.005965972784906626,"z":-0.0006377893150784075,"w":-0.9943163990974426},"size":22.0,"orthographic":false}