{"cameraMode":{"drawMode":0,"name":"Shaded","section":"Shading Mode"},"sceneLighting":true,"audioPlay":false,"sceneViewState":{"showFog":true,"showMaterialUpdate":false,"showSkybox":true,"showFlares":true,"showImageEffects":true,"showParticleSystems":true},"in2DMode":false,"pivot":{"x":3.373715877532959,"y":3.901890993118286,"z":-5.376224040985107},"rotation":{"x":-0.17900778353214265,"y":0.5452803373336792,"z":-0.12050504237413407,"w":-0.8100025653839111},"size":2.9411392211914064,"orthographic":false}