{"cameraMode":{"drawMode":0,"name":"Shaded","section":"Shading Mode"},"sceneLighting":false,"audioPlay":false,"sceneViewState":{"showFog":true,"showMaterialUpdate":false,"showSkybox":true,"showFlares":true,"showImageEffects":true,"showParticleSystems":true},"in2DMode":false,"pivot":{"x":-0.6499999761581421,"y":3.6500000953674318,"z":1.2300000190734864},"rotation":{"x":-0.0793190523982048,"y":0.04932352155447006,"z":-0.003929504193365574,"w":-0.9956205487251282},"size":3.7100489139556886,"orthographic":false}