{"cameraMode":{"drawMode":0,"name":"Shaded","section":"Shading Mode"},"sceneLighting":false,"audioPlay":false,"sceneViewState":{"showFog":true,"showMaterialUpdate":false,"showSkybox":true,"showFlares":true,"showImageEffects":true,"showParticleSystems":true},"in2DMode":false,"pivot":{"x":2.609999895095825,"y":3.450000047683716,"z":-8.9399995803833},"rotation":{"x":-0.11340770125389099,"y":0.07741536200046539,"z":-0.008863866329193116,"w":-0.9904882907867432},"size":2.746887445449829,"orthographic":false}