{"cameraMode":{"drawMode":0,"name":"Shaded","section":"Shading Mode"},"sceneLighting":true,"audioPlay":false,"sceneViewState":{"showFog":true,"showMaterialUpdate":false,"showSkybox":true,"showFlares":true,"showImageEffects":true,"showParticleSystems":true},"in2DMode":false,"pivot":{"x":6.168848991394043,"y":5.020764350891113,"z":-10.279427528381348},"rotation":{"x":-0.11340770125389099,"y":0.07741536200046539,"z":-0.008863866329193116,"w":-0.9904882907867432},"size":5.158860683441162,"orthographic":false}